RefDes,Name,X (in),Y (in),Side,Rotate
C1,CAP_7343-43,4.704,0.761,Top,180
C2,CAP_0603,4.652,1.059,Top,180
C3,CAP_0603,4.655,1.008,Top,180
C4,CAP_0402,4.647,1.105,Top,180
C5,CAP_0603,4.814,1.33,Top,0
C6,CAP_0603,4.703,3.162,Top,180
C7,CAP_0603,4.702,3.465,Top,180
C8,CAP_0603,4.703,3.414,Top,180
C9,CAP_0603,4.986,3.61,Top,270
C10,CAP_0603,4.938,3.609,Top,270
C11,CAP_0603,4.702,3.513,Top,180
C12,CAP_0603,2.775,2.596,Top,90
C13,CAP_0603,2.722,2.596,Top,90
C14,CAP_0603,3.321,1.998,Top,270
C15,CAP_0603,3.263,1.998,Top,270
C16,CAP_0603,2.141,2.048,Top,270
C17,CAP_0603,2.221,2.048,Top,270
C18,CAP_0603,2.611,1.569,Top,180
C19,CAP_0603,2.611,1.513,Top,180
C20,CAP_0603,3.022,1.438,Top,0
C21,CAP_0603,3.022,1.378,Top,0
C22,CAP_0603,2.327,1.829,Top,180
C23,CAP_0603,2.883,2.594,Top,180
C24,CAP_0603,1.365,2.724,Top,180
C25,CAP_0603,3.568,2.874,Top,0
C26,CAP_0603,0.592,0.096,Top,180
C27,CAP_0603,4.808,1.556,Top,180
C28,CAP_0603,4.945,1.642,Top,270
C29,CAP_0805,4.654,1.484,Top,0
C30,CAP_0805,4.653,1.561,Top,0
C31,CAP_0805,4.655,1.636,Top,0
C32,CAP_0402,4.635,1.414,Top,0
C33,CAP_7343-43,4.259,0.409,Top,270
C34,CAP_0603,4.011,0.398,Top,270
C35,CAP_0603,3.953,0.396,Top,270
C36,CAP_0402,3.898,0.402,Top,270
C37,CAP_0603,3.555,0.551,Top,90
C38,CAP_0805,3.486,0.403,Top,270
C39,CAP_0805,3.409,0.402,Top,270
C40,CAP_0805,3.333,0.404,Top,270
C41,CAP_0402,3.547,0.398,Top,270
C42,CAP_7343-43,5.217,2.335,Top,90
D1,PMEG2005CT,5.053,0.69,Top,90
D2,DIODE_0603,0.785,3.907,Top,270
HDR1,Locking HDR,5.101,1.178,Top,90
HDR2,Locking HDR,5.044,0.45,Top,0
HDR3,Locking HDR,5.101,0.959,Top,90
HDR4,HDR-1x2,1.895,1.819,Top,0
HDR5,DF13-4P-1.25DSA,4.931,3.24,Top,270
HDR6,DF19-14P-1V,0.993,1.631,Top,270
HDR7,UX60A-MB-5ST,5.14,3.251,Top,90
HDR11,HDR-1x3,0.363,3.57,Top,180
HDR12,MPT 5,4.964,2.048,Top,90
HDR13,HDR-2x5,4.429,2.188,Top,180
HDR14,Locking HDR,5.233,2.7,Top,90
HDR15,SP,3.677,3.15,Top,270
HDR16,SP,3.677,0.95,Top,90
HDR17,SP,1.945,3.15,Top,270
HDR18,SP,1.945,0.945,Top,90
L1,Bourne SRP4020,4.48,1.252,Top,90
L2,Bourne SRP4020,3.733,0.232,Top,180
L3,MI0805K400R-10,4.736,3.28,Top,270
L4,MI0805K400R-10,4.487,3.99,Top,0
LED1,DIODE_0603,0.177,3.283,Top,0
LED2,DIODE_0603,0.44,3.28,Top,0
Q1,NDS351N,5.078,1.792,Top,270
Q2,ND352P,5.176,1.638,Top,0
Q3,ND352P,0.782,3.684,Top,0
Q4,NDS351N,0.201,3.09,Top,0
Q5,NDS351N,0.452,3.09,Top,0
R1,RES_0603,4.88,1.082,Top,90
R2,RES_0603,4.807,1.508,Top,180
R3,RES_0603,4.896,1.642,Top,270
R4,RES_0603,4.919,1.25,Top,270
R5,RES_0603,3.895,0.562,Top,180
R6,RES_0603,3.719,0.573,Top,0
R7,RES_0603,4.769,3.559,Top,0
R8,RES_0603,5.033,3.609,Top,90
R9,RES_0603,1.744,1.791,Top,90
R10,RES_0603,0.777,3.569,Top,0
R11,RES_0603,0.177,3.336,Top,0
R12,RES_0603,1.009,0.214,Top,0
R13,RES_0603,5.175,1.515,Top,0
R14,RES_0603,5.219,1.753,Top,180
R15,RES_0603,5.219,1.807,Top,0
R16,RES_0603,4.497,0.358,Top,180
R17,RES_0603,4.594,0.427,Top,90
R18,RES_0603,4.503,2.754,Top,270
R19,RES_0603,4.057,1.813,Top,0
R20,RES_0603,0.991,3.388,Top,180
R21,RES_0603,1.035,0.908,Top,180
R22,RES_0603,0.453,2.987,Top,0
R23,RES_0603,0.197,2.987,Top,0
R24,RES_0603,0.44,3.334,Top,0
R25,RES_0603,1.008,0.323,Top,180
R26,RES_0603,3.645,3.317,Top,180
R27,RES_0603,0.24,2.068,Top,180
R28,RES_0603,3.108,0.389,Top,0
R29,RES_0603,4.707,1.89,Top,0
R30,RES_0603,3.786,1.94,Top,0
R31,RES_0603,4.941,1.886,Top,0
TP1,Signal Tap (Hole),4.87,0.358,Top,0
TP2,Signal Tap (Hole),3.153,0.479,Top,0
TP3,Signal Tap (Hole),4.695,1.754,Top,0
TP4,Signal Tap (Pad),5.213,1.425,Top,0
TP5,Signal Tap (Pad),4.713,1.979,Top,0
TP7,Signal Tap (Pad),4.361,3.745,Top,0
TP8,Signal Tap (Pad),4.358,3.552,Top,0
TP9,Signal Tap (Pad),5.148,3.576,Top,0
TP10,Signal Tap (Pad),3.062,2.69,Top,0
TP11,Signal Tap (Hole),3.639,3.029,Top,0
TP12,Signal Tap (Hole),3.293,2.892,Top,0
TP13,Signal Tap (Hole),3.595,2.719,Top,0
TP14,Signal Tap (Hole),3.446,3.019,Top,0
TP15,Signal Tap (Hole),1.032,0.827,Top,0
TP16,Signal Tap (Pad),0.485,3.506,Top,0
TP17,HDR-1x3,0.999,2.601,Top,180
TP18,HDR-1x5,0.829,2.971,Top,180
TP19,Signal Tap (Pad),5.25,1.884,Top,0
TP20,Signal Tap (Hole),4.87,0.459,Top,0
TP21,Signal Tap (Hole),4.621,2.883,Top,0
TP22,Signal Tap (Hole),0.939,3.3,Top,0
TP23,Signal Tap (Hole),4.87,0.258,Top,0
TP24,Signal Tap (Hole),4.116,1.9,Top,0
TP25,Signal Tap (Hole),0.982,1,Top,0
TP26,Signal Tap (Hole),4.521,2.883,Top,0
TP27,Signal Tap (Hole),4.016,1.9,Top,0
TP28,Signal Tap (Hole),1.04,3.3,Top,0
TP29,Signal Tap (Hole),1.083,1,Top,0
TP30,Signal Tap (Hole),1.061,0.409,Top,0
TP31,Signal Tap (Hole),0.96,0.409,Top,0
TP32,Signal Tap (Hole),3.054,0.479,Top,0
TP33,Signal Tap (Hole),3.594,3.4,Top,0
TP34,Signal Tap (Hole),3.695,3.4,Top,0
TP35,Signal Tap (Hole),0.289,1.96,Top,0
TP36,Signal Tap (Hole),0.188,1.96,Top,0
TP37,Signal Tap (Hole),4.794,1.754,Top,0
TP38,Signal Tap (Hole),3.845,2.027,Top,0
TP39,Signal Tap (Hole),3.745,2.027,Top,0
U1,TPS63060,4.66,1.253,Top,90
U2,TPS63061,3.734,0.418,Top,180
U3,FT232RQ,4.776,3.789,Top,0
U4,MSP430F5438AIPZ,2.811,2.047,Top,90
U5,IS62WV2568BLL,1.954,2.714,Top,270
U6,FM25CL64B-DG,3.445,2.732,Top,270
U7,SD_Card,0.619,0.496,Top,180
U8,ST-03BH,0.523,3.825,Top,180
U9,Motherboard - Radio,0.243,2.161,Top,180
U10,MIC94040YFL,0.975,0.585,Top,90
Y1,ECS-.327-6-17-TR,2.812,1.349,Top,270
